,hbaro_m,hdot_1_mps,flap_te_pos,gs_dev_ddm,gs_mps,loc_dev_ddm,lg_squat_mr,n11_rpm,n12_rpm,n13_rpm,n14_rpm,theta_rad,hralt_m,tas_mps,chi_rad,file
96812,998.5248,-8.69696,,,117.228015,,,41.125,34.5625,39.6875,40.4375,0.0182154866276622,816.864,131.889555,-1.03444784985262,686200104121532.csv
96813,,,,,,,,,,,,,,,,686200104121532.csv
96814,,,,,,,,,,,,0.0191741959026456,816.864,,,686200104121532.csv
96815,,,,,,,,,,,,,,,,686200104121532.csv
96816,997.9152,-6.25856,78.0,0.10530000180006,116.970795,0.252447992563248,0.0,41.0625,34.5,39.6875,40.4375,0.0199411637387514,816.864,131.6644875,-1.03732406506258,686200104121532.csv
96817,,,,,,,,,,,,,,,,686200104121532.csv
96818,,,,,,,,,,,,0.0205163901359797,816.864,,,686200104121532.csv
96819,,,,,,,,,,,,,,,,686200104121532.csv
96820,996.0864,-6.99008,,,116.713575,,,41.0625,34.5,39.71875,40.46875,0.0214750994109631,816.864,131.69664,-1.03952903023211,686200104121532.csv
96821,,,,,,,,,,,,,,,,686200104121532.csv
96822,,,,,,,,,,,,0.0226255522054195,816.864,,,686200104121532.csv
96823,,,,,,,,,,,,,,,,686200104121532.csv
96824,994.8672,-5.93344,,,116.713575,,0.0,41.03125,34.46875,39.71875,40.46875,0.0235842614804029,813.816,131.31081,-1.04173412855975,686200104121532.csv
96825,,,,,,,,,,,,,,,,686200104121532.csv
96826,,,,,,,,,,,,0.0245429707553864,816.864,,,686200104121532.csv
96827,,,,,,,,,,,,,,,,686200104121532.csv
96828,992.4288,-7.07136,,,116.52066,,,41.0,34.4375,39.6875,40.46875,0.0253099385914922,813.816,130.3140825,-1.04393909372927,686200104121532.csv
96829,,,,,,,,,,,,,,,,686200104121532.csv
96830,,,,,,,,,,,,0.0258851649887204,813.816,,,686200104121532.csv
96831,,,,,,,,,,,,,,,,686200104121532.csv
96832,990.9048,-7.15264,78.0,0.0932099968194962,116.26344,0.256955981254578,0.0,41.0,34.4375,39.625,40.46875,0.0266521328248262,810.768,130.089015,-1.04643168041979,686200104121532.csv
96833,,,,,,,,,,,,,,,,686200104121532.csv
96834,,,,,,,,,,,,0.0276108420998097,810.768,,,686200104121532.csv
96835,,,,,,,,,,,,,,,,686200104121532.csv
96836,989.076,-6.74624,,,116.26344,,,41.0,34.40625,39.625,40.4375,0.0289530363331437,810.768,130.3140825,-1.04844503106677,686200104121532.csv
96837,,,,,,,,,,,,,,,,686200104121532.csv
96838,,,,,,,,,,,,0.0299117456081271,807.72,,,686200104121532.csv
96839,,,,,,,,,,,,,,,,686200104121532.csv
96840,988.7712,-5.2832,,,115.941915,,0.0,41.03125,34.40625,39.625,40.40625,0.0310621963219881,807.72,129.7353375,-1.05036250787341,686200104121532.csv
96841,,,,,,,,,,,,,,,,686200104121532.csv
96842,,,,,,,,,,,,0.032020907677567,807.72,,,686200104121532.csv
96843,,,,,,,,,,,,,,,,686200104121532.csv
96844,987.552,-5.52704,,,115.941915,,,41.03125,34.4375,39.625,40.34375,0.0327878755136728,804.672,129.703185,-1.05256747304293,686200104121532.csv
96845,,,,,,,,,,,,,,,,686200104121532.csv
96846,,,,,,,,,,,,0.033171358391428,804.672,,,686200104121532.csv
96847,,,,,,,,,,,,,,,,686200104121532.csv
96848,985.1136,-6.01472,78.0,0.0546000003814697,115.749,0.255779981613159,0.0,41.0625,34.4375,39.625,40.34375,0.0333631019109011,801.624,129.6067275,-1.05419732832858,686200104121532.csv
96849,,,,,,,,,,,,,,,,686200104121532.csv
96850,,,,,,,,,,,,0.0337465847886562,801.624,,,686200104121532.csv
96851,,,,,,,,,,,,,,,,686200104121532.csv
96852,983.2848,-6.25856,,,115.49178,,,41.0625,34.4375,39.5625,40.34375,0.0345135526247621,801.624,129.060135,-1.05582705045611,686200104121532.csv
96853,,,,,,,,,,,,,,,,686200104121532.csv
96854,,,,,,,,,,,,0.035472263980341,801.624,,,686200104121532.csv
96855,,,,,,,,,,,,,,,,686200104121532.csv
96856,982.3704,-5.77088,,,115.49178,,0.0,41.0625,34.4375,39.5625,40.40625,0.0366227126136065,801.624,129.7996425,-1.05755277958209,686200104121532.csv
96857,,,,,,,,,,,,,,,,686200104121532.csv
96858,,,,,,,,,,,,0.037964908927536,798.576,,,686200104121532.csv
96859,,,,,,,,,,,,,,,,686200104121532.csv
96860,981.1512,-5.52704,,,115.23456,,,41.03125,34.4375,39.5625,40.40625,0.0393071010802746,798.576,129.12444,-1.05937438254839,686200104121532.csv
96861,,,,,,,,,,,,,,,,686200104121532.csv
96862,,,,,,,,,,,,0.040265810355258,801.624,,,686200104121532.csv
96863,,,,,,,,,,,,,,,,686200104121532.csv
96864,979.6272,-5.52704,78.0,0.0971100032329559,114.97734,0.251859992742538,0.0,41.0,34.4375,39.5625,40.40625,0.0414162631497145,804.672,128.7064575,-1.06090823083559,686200104121532.csv
96865,,,,,,,,,,,,,,,,686200104121532.csv
96866,,,,,,,,,,,,0.042566715944171,810.768,,,686200104121532.csv
96867,,,,,,,,,,,,,,,,686200104121532.csv
96868,978.7128,-4.8768,,,114.97734,,,40.90625,34.40625,39.5625,40.34375,0.0437171645774364,810.768,128.7707625,-1.06263395996157,686200104121532.csv
96869,,,,,,,,,,,,,,,,686200104121532.csv
96870,,,,,,,,,,,,0.0442923909746647,813.816,,,686200104121532.csv
96871,,,,,,,,,,,,,,,,686200104121532.csv
96872,977.7984,-4.8768,,,114.655815,,0.0,40.875,34.34375,39.5625,40.3125,0.0446758780136108,816.864,128.931525,-1.06397619372622,686200104121532.csv
96873,,,,,,,,,,,,,,,,686200104121532.csv
96874,,,,,,,,,,,,0.045059360891366,816.864,,,686200104121532.csv
96875,,,,,,,,,,,,,,,,686200104121532.csv
96876,975.9696,-4.71424,,,114.655815,,,40.875,34.3125,39.5625,40.28125,0.0456345872885943,813.816,127.6132725,-1.06541416817309,686200104121532.csv
96877,,,,,,,,,,,,,,,,686200104121532.csv
96878,,,,,,,,,,,,0.0460180701663494,816.864,,,686200104121532.csv
96879,,,,,,,,,,,,,,,,686200104121532.csv
96880,975.6648,-3.82016,78.0,0.0920400023460388,114.33429,0.25382000207901,0.0,40.875,34.3125,39.5,40.28125,0.0464015530441046,816.864,127.0988325,-1.06637290657641,686200104121532.csv
96881,,,,,,,,,,,,,,,,686200104121532.csv
96882,,,,,,,,,,,,0.0467850359218597,819.912,,,686200104121532.csv
96883,,,,,,,,,,,,,,,,686200104121532.csv
96884,974.4456,-3.73888,,,114.012765,,,40.90625,34.3125,39.5,40.28125,0.0469767794413328,819.912,126.68085,-1.06742751882006,686200104121532.csv
96885,,,,,,,,,,,,,,,,686200104121532.csv
96886,,,,,,,,,,,,0.0475520058385611,819.912,,,686200104121532.csv
96887,,,,,,,,,,,,,,,,686200104121532.csv
96888,973.836,-3.6576,,,114.012765,,0.0,40.9375,34.3125,39.46875,40.28125,0.0485107151135445,819.912,126.745155,-1.06857800490405,686200104121532.csv
96889,,,,,,,,,,,,,,,,686200104121532.csv
96890,,,,,,,,,,,,0.0492776850302458,819.912,,,686200104121532.csv
96891,,,,,,,,,,,,,,,,686200104121532.csv
96892,973.836,-2.27584,,,113.69124,,,40.9375,34.3125,39.46875,40.3125,0.0500446507857561,819.912,127.130985,-1.07001597935091,686200104121532.csv
96893,,,,,,,,,,,,,,,,686200104121532.csv
96894,,,,,,,,,,,,0.0508116207024574,819.912,,,686200104121532.csv
96895,,,,,,,,,,,,,,,,686200104121532.csv
96896,972.0072,-3.2512,78.0,0.0659099966287613,113.43402,0.25382000207901,0.0,40.9375,34.21875,39.46875,40.3125,0.0511951035802126,819.912,127.5489675,-1.07135821311556,686200104121532.csv
96897,,,,,,,,,,,,,,,,686200104121532.csv
96898,,,,,,,,,,,,0.0517703299774408,816.864,,,686200104121532.csv
96899,,,,,,,,,,,,,,,,686200104121532.csv
96900,971.7024,-3.2512,,,113.43402,,,40.9375,34.1875,39.46875,40.28125,0.052153812855196,813.816,127.130985,-1.07279632072054,686200104121532.csv
96901,,,,,,,,,,,,,,,,686200104121532.csv
96902,,,,,,,,,,,,0.0523455563746691,804.672,,,686200104121532.csv
96903,,,,,,,,,,,,,,,,686200104121532.csv
96904,969.264,-5.12064,,,113.1768,,0.0,40.90625,34.1875,39.46875,40.21875,0.0529207786107063,801.624,127.45251,-1.07404254748675,686200104121532.csv
96905,,,,,,,,,,,,,,,,686200104121532.csv
96906,,,,,,,,,,,,0.0536877485274077,798.576,,,686200104121532.csv
96907,,,,,,,,,,,,,,,,686200104121532.csv
96908,968.6544,-5.36448,,,113.1768,,,40.875,34.15625,39.4375,40.1875,0.0542629749246359,798.576,127.1631375,-1.07548065509173,686200104121532.csv
96909,,,,,,,,,,,,,,,,686200104121532.csv
96910,,,,,,,,,,,,0.0552216841996193,798.576,,,686200104121532.csv
96911,,,,,,,,,,,,,,,,686200104121532.csv
96912,967.74,-3.98272,78.0,0.0783900022506714,112.855275,0.251271992921829,0.0,40.875,34.15625,39.4375,40.1875,0.0563721369940758,795.528,126.29502,-1.07663114117571,686200104121532.csv
96913,,,,,,,,,,,,,,,,686200104121532.csv
96914,,,,,,,,,,,,0.0579060726662874,795.528,,,686200104121532.csv
96915,,,,,,,,,,,,,,,,686200104121532.csv
96916,968.0448,-2.92608,,,112.469445,,,40.875,34.15625,39.4375,40.21875,0.0596317476967812,795.528,126.1342575,-1.07778149410159,686200104121532.csv
96917,,,,,,,,,,,,,,,,686200104121532.csv
96918,,,,,,,,,,,,0.061549170407939,789.432,,,686200104121532.csv
96919,,,,,,,,,,,,,,,,686200104121532.csv
96920,970.1784,1.6256,,,112.469445,,0.0,40.84375,34.1875,39.4375,40.21875,0.0642335547134161,786.384,126.4557825,-1.07921960170657,686200104121532.csv
96921,,,,,,,,,,,,,,,,686200104121532.csv
96922,,,,,,,,,,,,0.0661509774245739,783.336,,,686200104121532.csv
96923,,,,,,,,,,,,,,,,686200104121532.csv
96924,969.8736,2.27584,,,112.083615,,,40.84375,34.1875,39.4375,40.28125,0.0667262038218021,786.384,125.90919,-1.08056183547121,686200104121532.csv
96925,,,,,,,,,,,,,,,,686200104121532.csv
96926,,,,,,,,,,,,0.066342716782856,786.384,,,686200104121532.csv
96927,,,,,,,,,,,,,,,,686200104121532.csv
96928,967.1304,-1.70688,79.0,0.0990599989891052,111.76209,0.252644002437592,0.0,40.84375,34.1875,39.40625,40.28125,0.0650005246301174,783.336,125.4912075,-1.0814247000342,686200104121532.csv
96929,,,,,,,,,,,,,,,,686200104121532.csv
96930,,,,,,,,,,,,0.0632748454384327,783.336,,,686200104121532.csv
96931,,,,,,,,,,,,,,,,686200104121532.csv
96932,964.692,-6.096,,,111.76209,,,40.78125,34.1875,39.40625,40.21875,0.0621243926439762,783.336,125.0410725,-1.08180819539553,686200104121532.csv
96933,,,,,,,,,,,,,,,,686200104121532.csv
96934,,,,,,,,,,,,0.061549170407939,780.288,,,686200104121532.csv
96935,,,,,,,,,,,,,,,,686200104121532.csv
96936,963.7776,-6.82752,,,111.440565,,0.0,40.78125,34.15625,39.40625,40.1875,0.061549170407939,783.336,124.8481575,-1.08190406923586,686200104121532.csv
96937,,,,,,,,,,,,,,,,686200104121532.csv
96938,,,,,,,,,,,,0.0623161361634493,783.336,,,686200104121532.csv
96939,,,,,,,,,,,,,,,,686200104121532.csv
96940,964.9968,-2.8448,,,111.440565,,,40.75,34.15625,39.40625,40.1875,0.0634665889579058,783.336,124.62309,-1.08190406923586,686200104121532.csv
96941,,,,,,,,,,,,,,,,686200104121532.csv
96942,,,,,,,,,,,,0.0648087811106444,783.336,,,686200104121532.csv
96943,,,,,,,,,,,,,,,,686200104121532.csv
96944,967.1304,2.032,79.0,0.100620001554489,111.11904,0.249703988432884,0.0,40.75,34.15625,39.40625,40.21875,0.066342716782856,786.384,125.1696825,-1.0819999430762,686200104121532.csv
96945,,,,,,,,,,,,,,,,686200104121532.csv
96946,,,,,,,,,,,,0.0676849130967856,786.384,,,686200104121532.csv
96947,,,,,,,,,,,,,,,,686200104121532.csv
96948,965.3016,0.0,,,110.86182,,,40.75,34.15625,39.34375,40.21875,0.0682601353328228,786.384,125.13753,-1.08190406923586,686200104121532.csv
96949,,,,,,,,,,,,,,,,686200104121532.csv
96950,,,,,,,,,,,,0.0684518788522959,789.432,,,686200104121532.csv
96951,,,,,,,,,,,,,,,,686200104121532.csv
96952,965.9112,-0.4064,,,110.86182,,0.0,40.75,34.15625,39.34375,40.21875,0.068643622371769,789.432,125.26614,-1.08190406923586,686200104121532.csv
96953,,,,,,,,,,,,,,,,686200104121532.csv
96954,,,,,,,,,,,,0.0690271052495241,789.432,,,686200104121532.csv
96955,,,,,,,,,,,,,,,,686200104121532.csv
96956,965.9112,0.24384,,,110.411685,,,40.75,34.125,39.40625,40.1875,0.0699858145245075,789.432,124.7517,-1.08247917911974,686200104121532.csv
96957,,,,,,,,,,,,,,,,686200104121532.csv
96958,,,,,,,,,,,,0.0703693015634537,789.432,,,686200104121532.csv
96959,,,,,,,,,,,,,,,,686200104121532.csv
96960,966.5208,1.05664,78.0,0.0998400002717972,110.025855,0.249899998307228,0.0,40.75,34.125,39.40625,40.1875,0.0703693015634537,789.432,123.787125,-1.0829585483214,686200104121532.csv
96961,,,,,,,,,,,,,,,,686200104121532.csv
96962,,,,,,,,,,,,0.0697940751662254,786.384,,,686200104121532.csv
96963,,,,,,,,,,,,,,,,686200104121532.csv
96964,964.9968,-0.89408,,,110.025855,,,40.75,34.125,39.40625,40.15625,0.068643622371769,786.384,124.1408025,-1.08315029600207,686200104121532.csv
96965,,,,,,,,,,,,,,,,686200104121532.csv
96966,,,,,,,,,,,,0.0673014260578394,786.384,,,686200104121532.csv
96967,,,,,,,,,,,,,,,,686200104121532.csv
96968,963.7776,-2.68224,,,109.70433,,0.0,40.75,34.03125,39.34375,40.15625,0.0657674903856278,786.384,123.658515,-1.0832461698424,686200104121532.csv
96969,,,,,,,,,,,,,,,,686200104121532.csv
96970,,,,,,,,,,,,0.0644252982328892,783.336,,,686200104121532.csv
96971,,,,,,,,,,,,,,,,686200104121532.csv
103404,998.8296,-10.64768,,,144.30042,,,36.125,35.34375,35.0625,35.875,-0.004601822,941.832,138.191445,2.716504306,686200104121245.csv
103405,,,,,,,,,,,,,,,,686200104121245.csv
103406,,,,,,,,,,,,-0.003834864,941.832,,,686200104121245.csv
103407,,,,,,,,,,,,,,,,686200104121245.csv
103408,998.8296,-8.69696,78.0,0.18096,144.107505,0.307327986,0.0,36.15625,35.34375,35.0625,35.875,-0.002492664,941.832,139.67046,2.711710614,686200104121245.csv
103409,,,,,,,,,,,,,,,,686200104121245.csv
103410,,,,,,,,,,,,-0.001725673,938.784,,,686200104121245.csv
103411,,,,,,,,,,,,,,,,686200104121245.csv
103412,995.7816,-7.3152,,,143.978895,,,36.15625,35.34375,35.0625,35.875,-0.001725673,938.784,138.8666475,2.707204809,686200104121245.csv
103413,,,,,,,,,,,,,,,,686200104121245.csv
103414,,,,,,,,,,,,-0.002109169,938.784,,,686200104121245.csv
103415,,,,,,,,,,,,,,,,686200104121245.csv
103416,993.9528,-7.88416,,,143.978895,,0.0,36.15625,35.3125,35.0625,35.875,-0.002109169,938.784,138.6737325,2.703082234,686200104121245.csv
103417,,,,,,,,,,,,,,,,686200104121245.csv
103418,,,,,,,,,,,,-0.002109169,938.784,,,686200104121245.csv
103419,,,,,,,,,,,,,,,,686200104121245.csv
103420,989.3808,-10.81024,,,143.850285,,,36.15625,35.3125,35.0625,35.875,-0.001533959,938.784,137.7091575,2.699247547,686200104121245.csv
103421,,,,,,,,,,,,,,,,686200104121245.csv
103422,,,,,,,,,,,,-0.001342211,938.784,,,686200104121245.csv
103423,,,,,,,,,,,,,,,,686200104121245.csv
103424,986.028,-12.51712,79.0,0.189150006,143.721675,0.309287995,0.0,36.15625,35.3125,35.0625,35.875,-0.000958716,938.784,137.7091575,2.694933224,686200104121245.csv
103425,,,,,,,,,,,,,,,,686200104121245.csv
103426,,,,,,,,,,,,-0.000191758,938.784,,,686200104121245.csv
103427,,,,,,,,,,,,,,,,686200104121245.csv
103428,983.5896,-12.02944,,,143.721675,,,36.15625,35.34375,35.03125,35.84375,0.00095871,938.784,137.4519375,2.691769388,686200104121245.csv
103429,,,,,,,,,,,,,,,,686200104121245.csv
103430,,,,,,,,,,,,0.002300904,935.736,,,686200104121245.csv
103431,,,,,,,,,,,,,,,,686200104121245.csv
103432,982.3704,-9.67232,,,143.52876,,0.0,36.125,35.34375,35.03125,35.84375,0.004410065,935.736,136.84104,2.688605817,686200104121245.csv
103433,,,,,,,,,,,,,,,,686200104121245.csv
103434,,,,,,,,,,,,0.005368775,935.736,,,686200104121245.csv
103435,,,,,,,,,,,,,,,,686200104121245.csv
103436,982.6752,-6.01472,,,143.335845,,,36.125,35.40625,35.03125,35.84375,0.005368775,935.736,136.005075,2.685346107,686200104121245.csv
103437,,,,,,,,,,,,,,,,686200104121245.csv
103438,,,,,,,,,,,,0.004410065,938.784,,,686200104121245.csv
103439,,,,,,,,,,,,,,,,686200104121245.csv
103440,982.0656,-4.4704,78.0,0.193829998,143.335845,0.310267985,0.0,36.0625,35.40625,35.03125,35.84375,0.003834839,938.784,136.2944475,2.681894648,686200104121245.csv
103441,,,,,,,,,,,,,,,,686200104121245.csv
103442,,,,,,,,,,,,0.003259613,941.832,,,686200104121245.csv
103443,,,,,,,,,,,,,,,,686200104121245.csv
103444,979.3224,-5.60832,,,143.01432,,,36.0625,35.34375,35.0,35.84375,0.002876129,938.784,136.4873625,2.679402195,686200104121245.csv
103445,,,,,,,,,,,,,,,,686200104121245.csv
103446,,,,,,,,,,,,0.002300904,938.784,,,686200104121245.csv
103447,,,,,,,,,,,,,,,,686200104121245.csv
103448,975.0552,-9.83488,,,143.01432,,0.0,36.03125,35.3125,35.0,35.84375,0.002109162,932.688,136.519515,2.677101223,686200104121245.csv
103449,,,,,,,,,,,,,,,,686200104121245.csv
103450,,,,,,,,,,,,0.002300904,923.544,,,686200104121245.csv
103451,,,,,,,,,,,,,,,,686200104121245.csv
103452,972.0072,-11.86688,,,142.7571,,,36.03125,35.3125,35.03125,35.84375,0.002300904,920.496,135.94077,2.674608503,686200104121245.csv
103453,,,,,,,,,,,,,,,,686200104121245.csv
103454,,,,,,,,,,,,0.00191742,920.496,,,686200104121245.csv
103455,,,,,,,,,,,,,,,,686200104121245.csv
103456,972.312,-7.7216,78.0,0.186419994,142.49988,0.314971983,0.0,36.03125,35.28125,35.03125,35.84375,0.001150452,920.496,136.06938,2.671157311,686200104121245.csv
103457,,,,,,,,,,,,,,,,686200104121245.csv
103458,,,,,,,,,,,,-0.000191758,920.496,,,686200104121245.csv
103459,,,,,,,,,,,,,,,,686200104121245.csv
103460,971.3976,-5.12064,,,142.49988,,,36.03125,35.28125,35.03125,35.84375,-0.001917421,917.448,136.1015325,2.668568717,686200104121245.csv
103461,,,,,,,,,,,,,,,,686200104121245.csv
103462,,,,,,,,,,,,-0.003834864,917.448,,,686200104121245.csv
103463,,,,,,,,,,,,,,,,686200104121245.csv
103464,969.264,-5.85216,,,142.306965,,0.0,36.0,35.21875,35.03125,35.84375,-0.005368779,917.448,135.876465,2.666459493,686200104121245.csv
103465,,,,,,,,,,,,,,,,686200104121245.csv
103466,,,,,,,,,,,,-0.006327484,917.448,,,686200104121245.csv
103467,,,,,,,,,,,,,,,,686200104121245.csv
103468,967.74,-6.01472,,,141.98544,,,36.0,35.1875,35.03125,35.78125,-0.007094475,917.448,136.519515,2.664446142,686200104121245.csv
103469,,,,,,,,,,,,,,,,686200104121245.csv
103470,,,,,,,,,,,,-0.007669685,917.448,,,686200104121245.csv
103471,,,,,,,,,,,,,,,,686200104121245.csv
103472,966.216,-6.25856,78.0,0.192269996,141.98544,0.317128003,0.0,36.0,35.1875,35.03125,35.78125,-0.008244928,917.448,136.0372275,2.661953688,686200104121245.csv
103473,,,,,,,,,,,,,,,,686200104121245.csv
103474,,,,,,,,,,,,-0.008820138,920.496,,,686200104121245.csv
103475,,,,,,,,,,,,,,,,686200104121245.csv
103476,962.8632,-8.69696,,,141.72822,,,36.0,35.1875,35.03125,35.78125,-0.009203633,920.496,136.1015325,2.659844464,686200104121245.csv
103477,,,,,,,,,,,,,,,,686200104121245.csv
103478,,,,,,,,,,,,-0.009395381,920.496,,,686200104121245.csv
103479,,,,,,,,,,,,,,,,686200104121245.csv
103480,961.9488,-8.04672,,,141.72822,,0.0,36.0,35.1875,35.03125,35.78125,-0.009011885,920.496,135.619245,2.658022861,686200104121245.csv
103481,,,,,,,,,,,,,,,,686200104121245.csv
103482,,,,,,,,,,,,-0.008436642,917.448,,,686200104121245.csv
103483,,,,,,,,,,,,,,,,686200104121245.csv
103484,960.12,-6.99008,,,141.471,,,36.0,35.1875,35.03125,35.78125,-0.008244928,917.448,135.233415,2.656297132,686200104121245.csv
103485,,,,,,,,,,,,,,,,686200104121245.csv
103486,,,,,,,,,,,,-0.00805318,917.448,,,686200104121245.csv
103487,,,,,,,,,,,,,,,,686200104121245.csv
103488,958.9008,-6.82752,78.0,0.186419994,141.149475,0.317128003,0.0,36.0,35.1875,35.03125,35.84375,-0.00805318,914.4,134.9440425,2.654284048,686200104121245.csv
103489,,,,,,,,,,,,,,,,686200104121245.csv
103490,,,,,,,,,,,,-0.00805318,914.4,,,686200104121245.csv
103491,,,,,,,,,,,,,,,,686200104121245.csv
103492,956.7672,-6.9088,,,141.149475,,,36.0,35.21875,35.03125,35.84375,-0.008436642,911.352,135.104805,2.652366571,686200104121245.csv
103493,,,,,,,,,,,,,,,,686200104121245.csv
103494,,,,,,,,,,,,-0.009011885,911.352,,,686200104121245.csv
103495,,,,,,,,,,,,,,,,686200104121245.csv
103496,954.3288,-7.88416,,,140.82795,,0.0,36.0,35.21875,35.03125,35.84375,-0.009778843,908.304,134.65467,2.650736715,686200104121245.csv
103497,,,,,,,,,,,,,,,,686200104121245.csv
103498,,,,,,,,,,,,-0.010545834,908.304,,,686200104121245.csv
103499,,,,,,,,,,,,,,,,686200104121245.csv
103500,950.976,-10.32256,,,140.57073,,,36.0,35.21875,35.0,35.78125,-0.011696286,905.256,134.333145,2.649010986,686200104121245.csv
103501,,,,,,,,,,,,,,,,686200104121245.csv
103502,,,,,,,,,,,,-0.013038454,902.208,,,686200104121245.csv
103503,,,,,,,,,,,,,,,,686200104121245.csv
103504,949.1472,-9.67232,78.0,0.19032,140.57073,0.318499982,0.0,36.0,35.1875,35.0,35.78125,-0.013997159,899.16,134.4296025,2.647189383,686200104121245.csv
103505,,,,,,,,,,,,,,,,686200104121245.csv
103506,,,,,,,,,,,,-0.014188906,896.112,,,686200104121245.csv
103507,,,,,,,,,,,,,,,,686200104121245.csv
103508,948.2328,-7.88416,,,140.31351,,,35.9375,35.1875,35.0,35.78125,-0.014188906,896.112,133.690095,2.645751542,686200104121245.csv
103509,,,,,,,,,,,,,,,,686200104121245.csv
103510,,,,,,,,,,,,-0.013997159,893.064,,,686200104121245.csv
103511,,,,,,,,,,,,,,,,686200104121245.csv
103512,946.0992,-7.39648,,,140.31351,,0.0,35.9375,35.1875,35.0,35.78125,-0.013805444,890.016,132.98274,2.644505182,686200104121245.csv
103513,,,,,,,,,,,,,,,,686200104121245.csv
103514,,,,,,,,,,,,-0.013613697,890.016,,,686200104121245.csv
103515,,,,,,,,,,,,,,,,686200104121245.csv
103516,944.2704,-7.23392,,,140.05629,,,35.9375,35.1875,34.9375,35.75,-0.013421949,890.016,132.6933675,2.643354696,686200104121245.csv
103517,,,,,,,,,,,,,,,,686200104121245.csv
103518,,,,,,,,,,,,-0.013038454,890.016,,,686200104121245.csv
103519,,,,,,,,,,,,,,,,686200104121245.csv
103520,942.1368,-7.80288,78.0,0.181350008,139.863375,0.317128003,0.0,35.90625,35.15625,34.9375,35.75,-0.013038454,890.016,133.23996,2.642108336,686200104121245.csv
103521,,,,,,,,,,,,,,,,686200104121245.csv
103522,,,,,,,,,,,,-0.013613697,886.968,,,686200104121245.csv
103523,,,,,,,,,,,,,,,,686200104121245.csv
103524,939.6984,-8.77824,,,139.863375,,,35.90625,35.15625,34.9375,35.75,-0.014188906,886.968,132.85413,2.640861976,686200104121245.csv
103525,,,,,,,,,,,,,,,,686200104121245.csv
103526,,,,,,,,,,,,-0.015147611,883.92,,,686200104121245.csv
103527,,,,,,,,,,,,,,,,686200104121245.csv
103528,937.26,-9.42848,,,139.54185,,0.0,35.90625,35.15625,34.90625,35.71875,-0.015914602,880.872,133.4007225,2.63971149,686200104121245.csv
103529,,,,,,,,,,,,,,,,686200104121245.csv
103530,,,,,,,,,,,,-0.01668156,877.824,,,686200104121245.csv
103531,,,,,,,,,,,,,,,,686200104121245.csv
103532,935.1264,-9.59104,,,139.348935,,,35.875,35.15625,34.90625,35.6875,-0.017256803,874.776,133.0148925,2.638561004,686200104121245.csv
103533,,,,,,,,,,,,,,,,686200104121245.csv
103534,,,,,,,,,,,,-0.017832012,874.776,,,686200104121245.csv
103535,,,,,,,,,,,,,,,,686200104121245.csv
103536,932.0784,-9.91616,78.0,0.183300003,139.348935,0.319871992,0.0,35.875,35.15625,34.875,35.6875,-0.018215508,871.728,133.2721125,2.637219037,686200104121245.csv
103537,,,,,,,,,,,,,,,,686200104121245.csv
103538,,,,,,,,,,,,-0.01859897,868.68,,,686200104121245.csv
103539,,,,,,,,,,,,,,,,686200104121245.csv
103540,929.9448,-9.59104,,,139.091715,,,35.84375,35.15625,34.875,35.6875,-0.019174213,868.68,133.304265,2.636164424,686200104121245.csv
103541,,,,,,,,,,,,,,,,686200104121245.csv
103542,,,,,,,,,,,,-0.019365961,865.632,,,686200104121245.csv
103543,,,,,,,,,,,,,,,,686200104121245.csv
103544,926.592,-10.40384,,,139.091715,,0.0,35.84375,35.15625,34.875,35.625,-0.019365961,865.632,132.8862825,2.635109812,686200104121245.csv
103545,,,,,,,,,,,,,,,,686200104121245.csv
103546,,,,,,,,,,,,-0.018982465,862.584,,,686200104121245.csv
103547,,,,,,,,,,,,,,,,686200104121245.csv
103548,925.3728,-9.50976,,,138.834495,,,35.84375,35.15625,34.875,35.625,-0.018407255,862.584,132.6933675,2.6340552,686200104121245.csv
103549,,,,,,,,,,,,,,,,686200104121245.csv
103550,,,,,,,,,,,,-0.017832012,859.536,,,686200104121245.csv
103551,,,,,,,,,,,,,,,,686200104121245.csv
103552,922.9344,-9.3472,78.0,0.200069994,138.64158,0.318892002,0.0,35.78125,35.15625,34.875,35.625,-0.017256803,856.488,132.72552,2.632617092,686200104121245.csv
103553,,,,,,,,,,,,,,,,686200104121245.csv
103554,,,,,,,,,,,,-0.017065055,853.44,,,686200104121245.csv
103555,,,,,,,,,,,,,,,,686200104121245.csv
103556,920.1912,-10.16,,,138.64158,,,35.78125,35.125,34.84375,35.625,-0.017448517,847.344,132.4683,2.631370732,686200104121245.csv
103557,,,,,,,,,,,,,,,,686200104121245.csv
103558,,,,,,,,,,,,-0.01802376,844.296,,,686200104121245.csv
103559,,,,,,,,,,,,,,,,686200104121245.csv
103560,916.5336,-11.70432,,,138.38436,,0.0,35.75,35.0625,34.78125,35.59375,-0.01859897,841.248,132.21108,2.630124372,686200104121245.csv
103561,,,,,,,,,,,,,,,,686200104121245.csv
103562,,,,,,,,,,,,-0.018982465,841.248,,,686200104121245.csv
103563,,,,,,,,,,,,,,,,686200104121245.csv
56716,999.1344,-3.73888,,,96.32889,,,34.03125,33.125,33.1875,34.15625,-0.0212833707564626,810.768,96.7468725,-3.04275313597781,686200104121825.csv
56717,,,,,,,,,,,,,,,,686200104121825.csv
56718,,,,,,,,,,,,-0.0212833707564626,810.768,,,686200104121825.csv
56719,,,,,,,,,,,,,,,,686200104121825.csv
56720,998.22,-3.49504,2436.0,-0.333840014724731,96.07167,-0.365735964767456,0.0,34.03125,33.125,33.21875,34.15625,-0.0210916230757986,810.768,96.58611,-3.04045216380984,686200104121825.csv
56721,,,,,,,,,,,,,,,,686200104121825.csv
56722,,,,,,,,,,,,-0.0207081277144705,807.72,,,686200104121825.csv
56723,,,,,,,,,,,,,,,,686200104121825.csv
56724,997.6104,-3.41376,,,96.07167,,,34.03125,33.0625,33.21875,34.21875,-0.0203246656426702,807.72,96.4896525,-3.03853495331942,686200104121825.csv
56725,,,,,,,,,,,,,,,,686200104121825.csv
56726,,,,,,,,,,,,-0.019749422600678,804.672,,,686200104121825.csv
56727,,,,,,,,,,,,,,,,686200104121825.csv
56728,996.696,-3.2512,,,95.94306,,0.0,34.0,33.0625,33.28125,34.28125,-0.0191742128482137,804.672,96.4575,-3.03642572883212,686200104121825.csv
56729,,,,,,,,,,,,,,,,686200104121825.csv
56730,,,,,,,,,,,,-0.0180237600537573,804.672,,,686200104121825.csv
56731,,,,,,,,,,,,,,,,686200104121825.csv
56732,995.7816,-3.41376,,,95.750145,,,34.0,33.0625,33.28125,34.28125,-0.0168733072593008,804.672,96.264585,-3.03431650434481,686200104121825.csv
56733,,,,,,,,,,,,,,,,686200104121825.csv
56734,,,,,,,,,,,,-0.0161063498261724,804.672,,,686200104121825.csv
56735,,,,,,,,,,,,,,,,686200104121825.csv
56736,995.172,-3.16992,2436.0,-0.26598000743866,95.750145,-0.360639946453095,0.0,34.0,33.0625,33.28125,34.28125,-0.0157228544648443,804.672,96.1681275,-3.03191965833651,686200104121825.csv
56737,,,,,,,,,,,,,,,,686200104121825.csv
56738,,,,,,,,,,,,-0.0157228544648443,804.672,,,686200104121825.csv
56739,,,,,,,,,,,,,,,,686200104121825.csv
56740,994.2576,-3.41376,,,95.55723,,,34.0,33.0625,33.28125,34.28125,-0.0161063498261724,804.672,96.007365,-3.0297148263251,686200104121825.csv
56741,,,,,,,,,,,,,,,,686200104121825.csv
56742,,,,,,,,,,,,-0.0166815595786367,804.672,,,686200104121825.csv
56743,,,,,,,,,,,,,,,,686200104121825.csv
56744,993.3432,-3.57632,,,95.42862,,0.0,34.0,33.03125,33.28125,34.28125,-0.0174485170117651,804.672,95.94306,-3.02770147567812,686200104121825.csv
56745,,,,,,,,,,,,,,,,686200104121825.csv
56746,,,,,,,,,,,,-0.0182155077344213,804.672,,,686200104121825.csv
56747,,,,,,,,,,,,,,,,686200104121825.csv
56748,992.4288,-3.57632,,,95.42862,,,34.0,33.03125,33.28125,34.28125,-0.0191742128482137,804.672,95.8466025,-3.02520875582949,686200104121825.csv
56749,,,,,,,,,,,,,,,,686200104121825.csv
56750,,,,,,,,,,,,-0.0199411702813421,804.672,,,686200104121825.csv
56751,,,,,,,,,,,,,,,,686200104121825.csv
56752,991.8192,-3.41376,2436.0,-0.205139996795654,95.235705,-0.356719987384796,0.0,34.0,33.03125,33.28125,34.28125,-0.0207081277144705,804.672,95.68584,-3.02319540518252,686200104121825.csv
56753,,,,,,,,,,,,,,,,686200104121825.csv
56754,,,,,,,,,,,,-0.0214751184371267,801.624,,,686200104121825.csv
56755,,,,,,,,,,,,,,,,686200104121825.csv
56756,990.9048,-3.2512,,,95.235705,,,33.9375,33.0,33.28125,34.28125,-0.0222420758702551,801.624,95.621535,-3.02118205453555,686200104121825.csv
56757,,,,,,,,,,,,,,,,686200104121825.csv
56758,,,,,,,,,,,,-0.0226255712315832,798.576,,,686200104121825.csv
56759,,,,,,,,,,,,,,,,686200104121825.csv
56760,989.9904,-3.41376,,,95.107095,,0.0,33.9375,33.0,33.28125,34.28125,-0.0230090333033834,798.576,95.4607725,-3.01907309636446,686200104121825.csv
56761,,,,,,,,,,,,,,,,686200104121825.csv
56762,,,,,,,,,,,,-0.0233925286647115,798.576,,,686200104121825.csv
56763,,,,,,,,,,,,,,,,686200104121825.csv
56764,989.076,-3.49504,,,94.91418,,,33.9375,33.0,33.28125,34.28125,-0.0232007809840475,798.576,95.3964675,-3.0167721241965,686200104121825.csv
56765,,,,,,,,,,,,,,,,686200104121825.csv
56766,,,,,,,,,,,,-0.0232007809840475,798.576,,,686200104121825.csv
56767,,,,,,,,,,,,,,,,686200104121825.csv
56768,988.1616,-3.33248,2436.0,-0.144299986152649,94.91418,-0.352603988639832,0.0,33.9375,33.0,33.28125,34.28125,-0.0228173189122472,798.576,95.3964675,-3.01475877354952,686200104121825.csv
56769,,,,,,,,,,,,,,,,686200104121825.csv
56770,,,,,,,,,,,,-0.0224338235509191,798.576,,,686200104121825.csv
56771,,,,,,,,,,,,,,,,686200104121825.csv
56772,987.552,-3.49504,,,94.721265,,,33.9375,33.0,33.28125,34.21875,-0.022050328189591,795.528,95.2678575,-3.01264954906222,686200104121825.csv
56773,,,,,,,,,,,,,,,,686200104121825.csv
56774,,,,,,,,,,,,-0.0216668661177908,795.528,,,686200104121825.csv
56775,,,,,,,,,,,,,,,,686200104121825.csv
56776,986.6376,-3.33248,,,94.592655,,0.0,33.9375,33.0,33.28125,34.1875,-0.0210916230757986,792.48,95.2035525,-3.01063646473147,686200104121825.csv
56777,,,,,,,,,,,,,,,,686200104121825.csv
56778,,,,,,,,,,,,-0.0208998753951345,792.48,,,686200104121825.csv
56779,,,,,,,,,,,,,,,,686200104121825.csv
56780,985.7232,-3.49504,,,94.592655,,,33.9375,33.0,33.28125,34.1875,-0.0207081277144705,789.432,95.107095,-3.00814374488284,686200104121825.csv
56781,,,,,,,,,,,,,,,,686200104121825.csv
56782,,,,,,,,,,,,-0.0205164133233343,786.384,,,686200104121825.csv
56783,,,,,,,,,,,,,,,,686200104121825.csv
56784,984.8088,-3.57632,2436.0,-0.113879980831146,94.39974,-0.348095970146179,0.0,33.9375,33.0,33.28125,34.1875,-0.0205164133233343,786.384,94.978485,-3.00603452039553,686200104121825.csv
56785,,,,,,,,,,,,,,,,686200104121825.csv
56786,,,,,,,,,,,,-0.0205164133233343,786.384,,,686200104121825.csv
56787,,,,,,,,,,,,,,,,686200104121825.csv
56788,984.1992,-3.49504,,,94.39974,,,33.9375,33.0,33.21875,34.1875,-0.0207081277144705,786.384,95.04279,-3.00392529590823,686200104121825.csv
56789,,,,,,,,,,,,,,,,686200104121825.csv
56790,,,,,,,,,,,,-0.0208998753951345,786.384,,,686200104121825.csv
56791,,,,,,,,,,,,,,,,686200104121825.csv
56792,982.98,-3.82016,,,94.206825,,0.0,33.9375,33.0,33.21875,34.1875,-0.0210916230757986,783.336,94.91418,-3.00181633773715,686200104121825.csv
56793,,,,,,,,,,,,,,,,686200104121825.csv
56794,,,,,,,,,,,,-0.0214751184371267,783.336,,,686200104121825.csv
56795,,,,,,,,,,,,,,,,686200104121825.csv
56796,982.0656,-3.82016,,,94.01391,,,33.90625,32.9375,33.21875,34.1875,-0.0216668661177908,786.384,94.849875,-2.99922774404818,686200104121825.csv
56797,,,,,,,,,,,,,,,,686200104121825.csv
56798,,,,,,,,,,,,-0.0218585805089269,786.384,,,686200104121825.csv
56799,,,,,,,,,,,,,,,,686200104121825.csv
56800,981.1512,-3.73888,2436.0,-0.0678600094604492,94.01391,-0.339079992763519,0.0,33.90625,32.9375,33.21875,34.21875,-0.022050328189591,786.384,94.7534175,-2.99711851956088,686200104121825.csv
56801,,,,,,,,,,,,,,,,686200104121825.csv
56802,,,,,,,,,,,,-0.0222420758702551,786.384,,,686200104121825.csv
56803,,,,,,,,,,,,,,,,686200104121825.csv
56804,980.2368,-3.57632,,,93.820995,,,33.90625,32.9375,33.21875,34.21875,-0.0224338235509191,786.384,94.65696,-2.99491342123324,686200104121825.csv
56805,,,,,,,,,,,,,,,,686200104121825.csv
56806,,,,,,,,,,,,-0.0224338235509191,786.384,,,686200104121825.csv
56807,,,,,,,,,,,,,,,,686200104121825.csv
56808,979.3224,-3.6576,,,93.692385,,0.0,33.90625,32.9375,33.21875,34.21875,-0.0224338235509191,783.336,94.592655,-2.99270858922183,686200104121825.csv
56809,,,,,,,,,,,,,,,,686200104121825.csv
56810,,,,,,,,,,,,-0.0222420758702551,777.24,,,686200104121825.csv
56811,,,,,,,,,,,,,,,,686200104121825.csv
56812,978.408,-3.6576,,,93.692385,,,33.90625,32.9375,33.21875,34.21875,-0.022050328189591,774.192,94.52835,-2.99011999553286,686200104121825.csv
56813,,,,,,,,,,,,,,,,686200104121825.csv
56814,,,,,,,,,,,,-0.0216668661177908,774.192,,,686200104121825.csv
56815,,,,,,,,,,,,,,,,686200104121825.csv
56816,977.4936,-3.6576,2436.0,-0.051090004234314,93.563775,-0.336335973731995,0.0,33.875,32.9375,33.21875,34.21875,-0.0210916230757986,774.192,94.4961975,-2.98810664488589,686200104121825.csv
56817,,,,,,,,,,,,,,,,686200104121825.csv
56818,,,,,,,,,,,,-0.0203246656426702,774.192,,,686200104121825.csv
56819,,,,,,,,,,,,,,,,686200104121825.csv
56820,976.884,-3.57632,,,93.563775,,,33.875,32.9375,33.21875,34.21875,-0.019749422600678,774.192,94.3675875,-2.98609329423891,686200104121825.csv
56821,,,,,,,,,,,,,,,,686200104121825.csv
56822,,,,,,,,,,,,-0.0191742128482137,777.24,,,686200104121825.csv
56823,,,,,,,,,,,,,,,,686200104121825.csv
56824,975.6648,-3.57632,,,93.37086,,0.0,33.875,32.9375,33.21875,34.21875,-0.0187907174868856,777.24,94.206825,-2.98408020990817,686200104121825.csv
56825,,,,,,,,,,,,,,,,686200104121825.csv
56826,,,,,,,,,,,,-0.0182155077344213,777.24,,,686200104121825.csv
56827,,,,,,,,,,,,,,,,686200104121825.csv
56828,974.7504,-3.73888,,,93.306555,,,33.875,32.9375,33.21875,34.21875,-0.0178320123730932,777.24,94.14252,-2.98187511158053,686200104121825.csv
56829,,,,,,,,,,,,,,,,686200104121825.csv
56830,,,,,,,,,,,,-0.0176402646924291,777.24,,,686200104121825.csv
56831,,,,,,,,,,,,,,,,686200104121825.csv
56832,974.1408,-3.6576,2437.0,-0.0159900210189819,93.306555,-0.332807974807739,0.0,33.875,32.90625,33.21875,34.21875,-0.0176402646924291,777.24,94.1746725,-2.97986176093356,686200104121825.csv
56833,,,,,,,,,,,,,,,,686200104121825.csv
56834,,,,,,,,,,,,-0.0176402646924291,777.24,,,686200104121825.csv
56835,,,,,,,,,,,,,,,,686200104121825.csv
56836,972.9216,-3.6576,,,93.177945,,,33.875,32.90625,33.21875,34.21875,-0.0176402646924291,777.24,94.0460625,-2.97794428412692,686200104121825.csv
56837,,,,,,,,,,,,,,,,686200104121825.csv
56838,,,,,,,,,,,,-0.0178320123730932,777.24,,,686200104121825.csv
56839,,,,,,,,,,,,,,,,686200104121825.csv
56840,972.0072,-3.73888,,,93.049335,,0.0,33.90625,32.90625,33.1875,34.21875,-0.0178320123730932,774.192,94.0460625,-2.97593119979617,686200104121825.csv
56841,,,,,,,,,,,,,,,,686200104121825.csv
56842,,,,,,,,,,,,-0.0176402646924291,774.192,,,686200104121825.csv
56843,,,,,,,,,,,,,,,,686200104121825.csv
56844,971.0928,-3.6576,,,93.049335,,,33.90625,32.90625,33.1875,34.28125,-0.0174485170117651,774.192,93.949605,-2.9736302276282,686200104121825.csv
56845,,,,,,,,,,,,,,,,686200104121825.csv
56846,,,,,,,,,,,,-0.0170650549399648,774.192,,,686200104121825.csv
56847,,,,,,,,,,,,,,,,686200104121825.csv
56848,970.1784,-3.73888,2436.0,-0.00818997838974,92.85642,-0.329083995811462,0.0,33.90625,32.90625,33.1875,34.28125,-0.0168733072593008,774.192,93.820995,-2.97161687698122,686200104121825.csv
56849,,,,,,,,,,,,,,,,686200104121825.csv
56850,,,,,,,,,,,,-0.0164898118979726,774.192,,,686200104121825.csv
56851,,,,,,,,,,,,,,,,686200104121825.csv
56852,969.5688,-3.6576,,,92.663505,,,33.90625,32.90625,33.1875,34.28125,-0.0162980642173086,774.192,93.7245375,-2.96960352633425,686200104121825.csv
56853,,,,,,,,,,,,,,,,686200104121825.csv
56854,,,,,,,,,,,,-0.0161063498261724,774.192,,,686200104121825.csv
56855,,,,,,,,,,,,,,,,686200104121825.csv
56856,968.6544,-3.57632,,,92.663505,,0.0,33.90625,33.0,33.1875,34.28125,-0.0159146021455084,774.192,93.7245375,-2.96759017568728,686200104121825.csv
56857,,,,,,,,,,,,,,,,686200104121825.csv
56858,,,,,,,,,,,,-0.0161063498261724,774.192,,,686200104121825.csv
56859,,,,,,,,,,,,,,,,686200104121825.csv
56860,967.74,-3.6576,,,92.47059,,,33.90625,33.0625,33.21875,34.28125,-0.0164898118979726,774.192,93.5959275,-2.9651935959952,686200104121825.csv
56861,,,,,,,,,,,,,,,,686200104121825.csv
56862,,,,,,,,,,,,-0.0168733072593008,774.192,,,686200104121825.csv
56863,,,,,,,,,,,,,,,,686200104121825.csv
56864,966.8256,-3.6576,2437.0,0.0144300004467368,92.47059,-0.323987977497101,0.0,33.90625,33.1875,33.21875,34.3125,-0.0170650549399648,774.192,93.4673175,-2.96318024534823,686200104121825.csv
56865,,,,,,,,,,,,,,,,686200104121825.csv
56866,,,,,,,,,,,,-0.0174485170117651,774.192,,,686200104121825.csv
56867,,,,,,,,,,,,,,,,686200104121825.csv
56868,965.9112,-3.6576,,,92.34198,,,33.90625,33.21875,33.28125,34.34375,-0.0178320123730932,774.192,93.435165,-2.96116689470126,686200104121825.csv
56869,,,,,,,,,,,,,,,,686200104121825.csv
56870,,,,,,,,,,,,-0.0182155077344213,771.144,,,686200104121825.csv
56871,,,,,,,,,,,,,,,,686200104121825.csv
56872,964.9968,-3.49504,,,92.149065,,0.0,33.90625,33.28125,33.34375,34.34375,-0.0189824651675497,771.144,93.306555,-2.95905767021395,686200104121825.csv
56873,,,,,,,,,,,,,,,,686200104121825.csv
56874,,,,,,,,,,,,-0.0199411702813421,768.096,,,686200104121825.csv
56875,,,,,,,,,,,,,,,,686200104121825.csv
56812,999.1344,-8.37184,,,120.76479,,,33.78125,32.9375,32.6875,33.40625,0.0164898084762752,838.2,105.4923525,2.15642597522049,686200104130429.csv
56813,,,,,,,,,,,,,,,,686200104130429.csv
56814,,,,,,,,,,,,0.0176402602304339,835.152,,,686200104130429.csv
56815,,,,,,,,,,,,,,,,686200104130429.csv
56816,996.696,-9.42848,79.0,-0.105690004615784,120.76479,-0.276163952342987,0.0,33.78125,32.9375,32.6875,33.40625,0.018982454463768,838.2,105.8781825,2.16821805810699,686200104130429.csv
56817,,,,,,,,,,,,,,,,686200104130429.csv
56818,,,,,,,,,,,,0.0205163901359797,838.2,,,686200104130429.csv
56819,,,,,,,,,,,,,,,,686200104130429.csv
56820,993.3432,-10.32256,,,120.63618,,,33.84375,32.9375,32.6875,33.40625,0.0218585822887182,838.2,105.97464,2.17866804038696,686200104130429.csv
56821,,,,,,,,,,,,,,,,686200104130429.csv
56822,,,,,,,,,,,,0.0233925179609299,838.2,,,686200104130429.csv
56823,,,,,,,,,,,,,,,,686200104130429.csv
56824,992.124,-9.10336,,,120.443265,,0.0,33.84375,32.90625,32.6875,33.34375,0.0247347121942639,838.2,105.910335,2.18921376334915,686200104130429.csv
56825,,,,,,,,,,,,,,,,686200104130429.csv
56826,,,,,,,,,,,,0.0258851649887204,838.2,,,686200104130429.csv
56827,,,,,,,,,,,,,,,,686200104130429.csv
56828,989.076,-9.59104,,,120.443265,,,33.84375,32.90625,32.6875,33.34375,0.0270356157025814,835.152,105.8781825,2.19995136715012,686200104130429.csv
56829,,,,,,,,,,,,,,,,686200104130429.csv
56830,,,,,,,,,,,,0.0281860684970379,829.056,,,686200104130429.csv
56831,,,,,,,,,,,,,,,,686200104130429.csv
56832,986.3328,-9.91616,78.0,-0.113489987640381,120.25035,-0.274987952701569,0.0,33.875,32.90625,32.6875,33.34375,0.0291447777720213,826.008,105.4923525,2.21241456691895,686200104130429.csv
56833,,,,,,,,,,,,,,,,686200104130429.csv
56834,,,,,,,,,,,,0.0301034870470047,819.912,,,686200104130429.csv
56835,,,,,,,,,,,,,,,,686200104130429.csv
56836,983.5896,-10.64768,,,120.25035,,,33.875,32.90625,32.625,33.3125,0.0310621963219881,819.912,105.4280475,2.22305629687958,686200104130429.csv
56837,,,,,,,,,,,,,,,,686200104130429.csv
56838,,,,,,,,,,,,0.0318291662386894,819.912,,,686200104130429.csv
56839,,,,,,,,,,,,,,,,686200104130429.csv
56840,981.7608,-9.91616,,,120.057435,,0.0,33.875,32.875,32.625,33.3125,0.0329796169525504,816.864,105.1708275,2.23379376752243,686200104130429.csv
56841,,,,,,,,,,,,,,,,686200104130429.csv
56842,,,,,,,,,,,,0.0341300676664114,816.864,,,686200104130429.csv
56843,,,,,,,,,,,,,,,,686200104130429.csv
56844,980.5416,-7.55904,,,119.928825,,,33.875,32.875,32.59375,33.3125,0.0352805204608679,816.864,105.5566575,2.24481885968628,686200104130429.csv
56845,,,,,,,,,,,,,,,,686200104130429.csv
56846,,,,,,,,,,,,0.0364309732553244,816.864,,,686200104130429.csv
56847,,,,,,,,,,,,,,,,686200104130429.csv
56848,977.4936,-8.85952,79.0,-0.109979989318848,119.928825,-0.278123991481781,0.0,33.875,32.875,32.59375,33.3125,0.0375814218885899,816.864,105.4602,2.25795330949554,686200104130429.csv
56849,,,,,,,,,,,,,,,,686200104130429.csv
56850,,,,,,,,,,,,0.0385401353247643,816.864,,,686200104130429.csv
56851,,,,,,,,,,,,,,,,686200104130429.csv
56852,975.36,-9.83488,,,119.671605,,,33.875,32.84375,32.59375,33.3125,0.0396905839580297,819.912,105.20298,2.26907440865784,686200104130429.csv
56853,,,,,,,,,,,,,,,,686200104130429.csv
56854,,,,,,,,,,,,0.0410327802719593,819.912,,,686200104130429.csv
56855,,,,,,,,,,,,,,,,686200104130429.csv
56856,973.5312,-8.61568,,,119.414385,,0.0,33.84375,32.84375,32.59375,33.3125,0.042758455302453,816.864,106.0710975,2.2800996339798,686200104130429.csv
56857,,,,,,,,,,,,,,,,686200104130429.csv
56858,,,,,,,,,,,,0.0442923909746647,810.768,,,686200104130429.csv
56859,,,,,,,,,,,,,,,,686200104130429.csv
56860,972.6168,-6.99008,,,119.414385,,,33.84375,32.84375,32.59375,33.3125,0.0462098136858225,807.72,105.138675,2.29141221450653,686200104130429.csv
56861,,,,,,,,,,,,,,,,686200104130429.csv
56862,,,,,,,,,,,,0.0475520058385611,801.624,,,686200104130429.csv
56863,,,,,,,,,,,,,,,,686200104130429.csv
56864,971.0928,-5.6896,79.0,-0.114660026817322,119.157165,-0.284787969581604,0.0,33.84375,32.84375,32.59375,33.28125,0.0488941979912996,801.624,105.1708275,2.30493015967712,686200104130429.csv
56865,,,,,,,,,,,,,,,,686200104130429.csv
56866,,,,,,,,,,,,0.049852907266283,801.624,,,686200104130429.csv
56867,,,,,,,,,,,,,,,,686200104130429.csv
56868,970.4832,-4.95808,,,119.157165,,,33.78125,32.84375,32.625,33.28125,0.0508116207024574,804.672,104.9779125,2.31672210940552,686200104130429.csv
56869,,,,,,,,,,,,,,,,686200104130429.csv
56870,,,,,,,,,,,,0.0510033600607395,804.672,,,686200104130429.csv
56871,,,,,,,,,,,,,,,,686200104130429.csv
56872,967.74,-6.42112,,,118.83564,,0.0,33.75,32.84375,32.625,33.21875,0.0511951035802126,804.672,104.43132,2.3287060731308,686200104130429.csv
56873,,,,,,,,,,,,,,,,686200104130429.csv
56874,,,,,,,,,,,,0.0511951035802126,804.672,,,686200104130429.csv
56875,,,,,,,,,,,,,,,,686200104130429.csv
56876,964.692,-8.77824,,,118.514115,,,33.75,32.84375,32.625,33.21875,0.0513868470996857,804.672,104.30271,2.34021066765442,686200104130429.csv
56877,,,,,,,,,,,,,,,,686200104130429.csv
56878,,,,,,,,,,,,0.0517703299774408,804.672,,,686200104130429.csv
56879,,,,,,,,,,,,,,,,686200104130429.csv
56880,962.2536,-9.59104,79.0,-0.111150028495789,118.514115,-0.289687948219299,0.0,33.75,32.84375,32.625,33.21875,0.0525372957329512,804.672,103.6275075,2.35353659882813,686200104130429.csv
56881,,,,,,,,,,,,,,,,686200104130429.csv
56882,,,,,,,,,,,,0.0534960050079346,801.624,,,686200104130429.csv
56883,,,,,,,,,,,,,,,,686200104130429.csv
56884,961.0344,-8.128,,,118.19259,,,33.71875,32.84375,32.625,33.1875,0.0550299406801462,792.48,103.5632025,2.36513706719208,686200104130429.csv
56885,,,,,,,,,,,,,,,,686200104130429.csv
56886,,,,,,,,,,,,0.0565638763523579,795.528,,,686200104130429.csv
56887,,,,,,,,,,,,,,,,686200104130429.csv
56888,958.2912,-7.88416,,,117.871065,,0.0,33.71875,32.84375,32.625,33.1875,0.0579060726662874,795.528,103.209525,2.37673753555603,686200104130429.csv
56889,,,,,,,,,,,,,,,,686200104130429.csv
56890,,,,,,,,,,,,0.0594400083384991,795.528,,,686200104130429.csv
56891,,,,,,,,,,,,,,,,686200104130429.csv
56892,955.548,-9.99744,,,117.871065,,,33.71875,32.84375,32.625,33.1875,0.0611656833689928,795.528,103.2416775,2.38795424224243,686200104130429.csv
56893,,,,,,,,,,,,,,,,686200104130429.csv
56894,,,,,,,,,,,,0.0628913625606775,786.384,,,686200104130429.csv
56895,,,,,,,,,,,,,,,,686200104130429.csv
56896,954.3288,-8.9408,142.0,-0.15678000667572,117.54954,-0.293607966892242,0.0,33.71875,32.84375,32.59375,33.15625,0.0648087811106444,786.384,103.4988975,2.40099281821136,686200104130429.csv
56897,,,,,,,,,,,,,,,,686200104130429.csv
56898,,,,,,,,,,,,0.0667262038218021,786.384,,,686200104130429.csv
56899,,,,,,,,,,,,,,,,686200104130429.csv
56900,951.5856,-8.77824,,,117.54954,,,33.71875,32.84375,32.59375,33.15625,0.068835361730051,789.432,103.8847275,2.41211391737366,686200104130429.csv
56901,,,,,,,,,,,,,,,,686200104130429.csv
56902,,,,,,,,,,,,0.0707527802800179,789.432,,,686200104130429.csv
56903,,,,,,,,,,,,,,,,686200104130429.csv
56904,950.0616,-8.45312,,,117.228015,,0.0,33.71875,32.84375,32.59375,33.15625,0.0728619465106487,792.48,103.852575,2.42304326885529,686200104130429.csv
56905,,,,,,,,,,,,,,,,686200104130429.csv
56906,,,,,,,,,,,,0.0747793650606155,789.432,,,686200104130429.csv
56907,,,,,,,,,,,,,,,,686200104130429.csv
56908,950.0616,-5.85216,,,116.842185,,,33.71875,32.84375,32.59375,33.15625,0.0774637493660927,789.432,103.3059825,2.436081578508,686200104130429.csv
56909,,,,,,,,,,,,,,,,686200104130429.csv
56910,,,,,,,,,,,,0.0799563943132877,789.432,,,686200104130429.csv
56911,,,,,,,,,,,,,,,,686200104130429.csv
56912,948.8424,-3.98272,253.0,-0.126360001354218,116.842185,-0.308307962409973,0.0,33.71875,32.78125,32.5625,33.15625,0.0820655605439186,789.432,102.63078,2.44787379455261,686200104130429.csv
56913,,,,,,,,,,,,,,,,686200104130429.csv
56914,,,,,,,,,,,,0.0837912397356033,792.48,,,686200104130429.csv
56915,,,,,,,,,,,,,,,,686200104130429.csv
56916,947.6232,-4.71424,,,116.456355,,,33.71875,32.78125,32.5,33.15625,0.0855169106049061,789.432,102.695085,2.45956987044067,686200104130429.csv
56917,,,,,,,,,,,,,,,,686200104130429.csv
56918,,,,,,,,,,,,0.0866673633993626,789.432,,,686200104130429.csv
56919,,,,,,,,,,,,,,,,686200104130429.csv
56920,947.6232,-3.6576,,,115.941915,,0.0,33.6875,32.75,32.5,33.15625,0.087626076835537,783.336,102.1484925,2.47145796032562,686200104130429.csv
56921,,,,,,,,,,,,,,,,686200104130429.csv
56922,,,,,,,,,,,,0.0883930425910473,774.192,,,686200104130429.csv
56923,,,,,,,,,,,,,,,,686200104130429.csv
56924,947.0136,-2.76352,,,115.941915,,,33.6875,32.71875,32.46875,33.15625,0.0887765296299934,771.144,102.4057125,2.48555088222199,686200104130429.csv
56925,,,,,,,,,,,,,,,,686200104130429.csv
56926,,,,,,,,,,,,0.0887765296299934,771.144,,,686200104130429.csv
56927,,,,,,,,,,,,,,,,686200104130429.csv
56928,944.5752,-4.79552,364.0,-0.165750028877258,115.49178,-0.317323999397278,0.0,33.625,32.71875,32.46875,33.125,0.0887765296299934,771.144,101.8269675,2.4976307197876,686200104130429.csv
56929,,,,,,,,,,,,,,,,686200104130429.csv
56930,,,,,,,,,,,,0.0887765296299934,771.144,,,686200104130429.csv
56931,,,,,,,,,,,,,,,,686200104130429.csv
56932,943.6608,-4.63296,,,115.49178,,,33.625,32.71875,32.46875,33.125,0.0889682689882755,774.192,101.280375,2.50990230503387,686200104130429.csv
56933,,,,,,,,,,,,,,,,686200104130429.csv
56934,,,,,,,,,,,,0.0889682689882755,780.288,,,686200104130429.csv
56935,,,,,,,,,,,,,,,,686200104130429.csv
56936,940.9176,-6.5024,,,115.041645,,0.0,33.59375,32.71875,32.46875,33.125,0.0891600083465576,783.336,101.1839175,2.52217362396393,686200104130429.csv
56937,,,,,,,,,,,,,,,,686200104130429.csv
56938,,,,,,,,,,,,0.0895434953855038,783.336,,,686200104130429.csv
56939,,,,,,,,,,,,,,,,686200104130429.csv
56940,940.0032,-6.33984,,,114.527205,,,33.59375,32.71875,32.46875,33.125,0.0905022088216782,783.336,100.57302,2.53645855985718,686200104130429.csv
56941,,,,,,,,,,,,,,,,686200104130429.csv
56942,,,,,,,,,,,,0.0910774268965244,783.336,,,686200104130429.csv
56943,,,,,,,,,,,,,,,,686200104130429.csv
56944,936.9552,-7.88416,474.0,-0.164189996509552,114.527205,-0.320655958644867,0.0,33.59375,32.71875,32.46875,33.125,0.0916526532937527,783.336,101.151765,2.54844225726624,686200104130429.csv
56945,,,,,,,,,,,,,,,,686200104130429.csv
56946,,,,,,,,,,,,0.092419627371645,786.384,,,686200104130429.csv
56947,,,,,,,,,,,,,,,,686200104130429.csv
56948,935.4312,-7.55904,,,114.07707,,,33.5625,32.75,32.46875,33.125,0.0931865931271553,789.432,100.894545,2.56013859947052,686200104130429.csv
56949,,,,,,,,,,,,,,,,686200104130429.csv
56950,,,,,,,,,,,,0.0941452982409477,792.48,,,686200104130429.csv
56951,,,,,,,,,,,,,,,,686200104130429.csv
56952,934.5168,-5.85216,,,113.56263,,0.0,33.5625,32.75,32.5,33.125,0.0951040116771221,792.48,100.6051725,2.5718349416748,686200104130429.csv
56953,,,,,,,,,,,,,,,,686200104130429.csv
56954,,,,,,,,,,,,0.0964462038298607,789.432,,,686200104130429.csv
56955,,,,,,,,,,,,,,,,686200104130429.csv
56956,935.4312,-2.60096,,,113.56263,,,33.5625,32.75,32.5625,33.125,0.0981718830215454,789.432,100.1550375,2.58564024205017,686200104130429.csv
56957,,,,,,,,,,,,,,,,686200104130429.csv
56958,,,,,,,,,,,,0.0997058145325661,789.432,,,686200104130429.csv
56959,,,,,,,,,,,,,,,,686200104130429.csv
56960,933.6024,-3.90144,596.0,-0.178229989795685,113.112495,-0.331435995094299,0.0,33.5625,32.75,32.59375,33.1875,0.101048015007687,789.432,99.8335125,2.59743245809479,686200104130429.csv
56961,,,,,,,,,,,,,,,,686200104130429.csv
56962,,,,,,,,,,,,0.102006720121479,789.432,,,686200104130429.csv
56963,,,,,,,,,,,,,,,,686200104130429.csv
56964,932.0784,-5.2832,,,113.112495,,,33.5625,32.71875,33.03125,33.40625,0.102581946518707,792.48,99.865665,2.60874530493774,686200104130429.csv
56965,,,,,,,,,,,,,,,,686200104130429.csv
56966,,,,,,,,,,,,0.103157172915936,792.48,,,686200104130429.csv
56967,,,,,,,,,,,,,,,,686200104130429.csv
56968,929.9448,-5.85216,,,112.53375,,0.0,33.59375,32.78125,33.46875,34.15625,0.103348912274218,795.528,99.54414,2.61977026394348,686200104130429.csv
56969,,,,,,,,,,,,,,,,686200104130429.csv
56970,,,,,,,,,,,,0.103732399313164,804.672,,,686200104130429.csv
56971,,,,,,,,,,,,,,,,686200104130429.csv
146192,998.8296,-13.65504,79.0,0.0538199990987778,112.01931,0.361423999071121,0.0,35.0625,34.3125,34.15625,34.90625,-0.0396905821782385,734.568,119.800215,-1.77399654992739,686200104130652.csv
146193,,,,,,,,,,,,,,,,686200104130652.csv
146194,,,,,,,,,,,,-0.0393071201064382,734.568,,,686200104130652.csv
146195,,,,,,,,,,,,,,,,686200104130652.csv
146196,995.7816,-13.32992,,,111.955005,,,35.0625,34.3125,34.15625,34.875,-0.038731877064446,734.568,119.5751475,-1.77361318772418,686200104130652.csv
146197,,,,,,,,,,,,,,,,686200104130652.csv
146198,,,,,,,,,,,,-0.0379649196313177,731.52,,,686200104130652.csv
146199,,,,,,,,,,,,,,,,686200104130652.csv
146200,992.7336,-12.51712,,,111.826395,,0.0,35.03125,34.3125,34.125,34.875,-0.0371979621981893,731.52,119.6394525,-1.77342144004351,686200104130652.csv
146201,,,,,,,,,,,,,,,,686200104130652.csv
146202,,,,,,,,,,,,-0.0366227191561971,728.472,,,686200104130652.csv
146203,,,,,,,,,,,,,,,,686200104130652.csv
146204,989.3808,-12.5984,,,111.826395,,,35.03125,34.3125,34.125,34.875,-0.0358557617230688,725.424,119.3179275,-1.77313381852251,686200104130652.csv
146205,,,,,,,,,,,,,,,,686200104130652.csv
146206,,,,,,,,,,,,-0.0354722663617407,725.424,,,686200104130652.csv
146207,,,,,,,,,,,,,,,,686200104130652.csv
146208,986.3328,-12.5984,79.0,0.0432900004088879,111.76209,0.364167988300323,0.0,35.03125,34.3125,34.125,34.875,-0.0348970566092764,725.424,119.028555,-1.77284619700152,686200104130652.csv
146209,,,,,,,,,,,,,,,,686200104130652.csv
146210,,,,,,,,,,,,-0.0343218135672842,722.376,,,686200104130652.csv
146211,,,,,,,,,,,,,,,,686200104130652.csv
146212,983.2848,-12.35456,,,111.697785,,,35.0,34.3125,34.15625,34.875,-0.0339383514954839,722.376,119.09286,-1.77255857548052,686200104130652.csv
146213,,,,,,,,,,,,,,,,686200104130652.csv
146214,,,,,,,,,,,,-0.0335548561341558,722.376,,,686200104130652.csv
146215,,,,,,,,,,,,,,,,686200104130652.csv
146216,980.5416,-12.11072,,,111.697785,,0.0,35.0,34.28125,34.1875,34.875,-0.0331713607728277,719.328,118.8034875,-1.77207920627886,686200104130652.csv
146217,,,,,,,,,,,,,,,,686200104130652.csv
146218,,,,,,,,,,,,-0.0327878987010275,716.28,,,686200104130652.csv
146219,,,,,,,,,,,,,,,,686200104130652.csv
146220,977.4936,-12.27328,,,111.50487,,,34.9375,34.21875,34.1875,34.875,-0.0324044033396993,716.28,118.514115,-1.77150396323687,686200104130652.csv
146221,,,,,,,,,,,,,,,,686200104130652.csv
146222,,,,,,,,,,,,-0.0322126556590353,713.232,,,686200104130652.csv
146223,,,,,,,,,,,,,,,,686200104130652.csv
146224,974.4456,-12.02944,78.0,0.0460200011730194,111.50487,0.364951997995377,0.0,34.90625,34.21875,34.1875,34.875,-0.0320209079783712,710.184,118.7391825,-1.77083284635455,686200104130652.csv
146225,,,,,,,,,,,,,,,,686200104130652.csv
146226,,,,,,,,,,,,-0.0318291602977071,707.136,,,686200104130652.csv
146227,,,,,,,,,,,,,,,,686200104130652.csv
146228,971.3976,-12.27328,,,111.440565,,,34.90625,34.1875,34.1875,34.875,-0.0318291602977071,707.136,118.70703,-1.77016172947222,686200104130652.csv
146229,,,,,,,,,,,,,,,,686200104130652.csv
146230,,,,,,,,,,,,-0.0318291602977071,704.088,,,686200104130652.csv
146231,,,,,,,,,,,,,,,,686200104130652.csv
146232,968.0448,-12.67968,,,111.311955,,0.0,34.90625,34.15625,34.1875,34.875,-0.0318291602977071,701.04,118.6105725,-1.76929899806735,686200104130652.csv
146233,,,,,,,,,,,,,,,,686200104130652.csv
146234,,,,,,,,,,,,-0.031637445906571,701.04,,,686200104130652.csv
146235,,,,,,,,,,,,,,,,686200104130652.csv
146236,964.692,-12.5984,,,111.311955,,,34.875,34.125,34.15625,34.875,-0.0314456982259069,697.992,118.44981,-1.76834025966402,686200104130652.csv
146237,,,,,,,,,,,,,,,,686200104130652.csv
146238,,,,,,,,,,,,-0.0314456982259069,697.992,,,686200104130652.csv
146239,,,,,,,,,,,,,,,,686200104130652.csv
146240,961.644,-12.76096,78.0,0.0292499996721745,111.24765,0.362207978963852,0.0,34.875,34.125,34.125,34.875,-0.0314456982259069,697.992,118.4176575,-1.76757326894137,686200104130652.csv
146241,,,,,,,,,,,,,,,,686200104130652.csv
146242,,,,,,,,,,,,-0.0312539505452429,697.992,,,686200104130652.csv
146243,,,,,,,,,,,,,,,,686200104130652.csv
146244,958.9008,-12.27328,,,111.11904,,,34.875,34.0625,34.125,34.875,-0.0308704551839147,697.992,118.06398,-1.76699802589938,686200104130652.csv
146245,,,,,,,,,,,,,,,,686200104130652.csv
146246,,,,,,,,,,,,-0.0306787075032507,694.944,,,686200104130652.csv
146247,,,,,,,,,,,,,,,,686200104130652.csv
146248,956.4624,-11.46048,,,111.11904,,0.0,34.90625,34.125,34.0625,34.875,-0.0306787075032507,694.944,117.9675225,-1.76623103517672,686200104130652.csv
146249,,,,,,,,,,,,,,,,686200104130652.csv
146250,,,,,,,,,,,,-0.0306787075032507,691.896,,,686200104130652.csv
146251,,,,,,,,,,,,,,,,686200104130652.csv
146252,953.1096,-11.62304,,,111.054735,,,34.90625,34.125,34.0625,34.875,-0.0304869931121145,685.8,117.67815,-1.7655599182944,686200104130652.csv
146253,,,,,,,,,,,,,,,,686200104130652.csv
146254,,,,,,,,,,,,-0.0304869931121145,682.752,,,686200104130652.csv
146255,,,,,,,,,,,,,,,,686200104130652.csv
146256,950.3664,-11.62304,79.0,0.0198899991810322,111.054735,0.363775998353958,0.0,34.90625,34.125,34.03125,34.875,-0.0302952454314504,682.752,117.5173875,-1.76508054909274,686200104130652.csv
146257,,,,,,,,,,,,,,,,686200104130652.csv
146258,,,,,,,,,,,,-0.0301034977507864,679.704,,,686200104130652.csv
146259,,,,,,,,,,,,,,,,686200104130652.csv
146260,947.3184,-11.7856,,,110.926125,,,34.90625,34.15625,34.03125,34.875,-0.0297200023894582,676.656,117.6459975,-1.76460131304919,686200104130652.csv
146261,,,,,,,,,,,,,,,,686200104130652.csv
146262,,,,,,,,,,,,-0.0295282879983221,676.656,,,686200104130652.csv
146263,,,,,,,,,,,,,,,,686200104130652.csv
146264,944.2704,-12.11072,,,110.797515,,0.0,34.9375,34.15625,34.03125,34.875,-0.029336540317658,670.56,117.6459975,-1.76421781768786,686200104130652.csv
146265,,,,,,,,,,,,,,,,686200104130652.csv
146266,,,,,,,,,,,,-0.029336540317658,667.512,,,686200104130652.csv
146267,,,,,,,,,,,,,,,,686200104130652.csv
146268,941.2224,-12.11072,,,110.797515,,,34.9375,34.15625,34.03125,34.84375,-0.029144792636994,664.464,117.54954,-1.7637384484862,686200104130652.csv
146269,,,,,,,,,,,,,,,,686200104130652.csv
146270,,,,,,,,,,,,-0.0289530449563299,661.416,,,686200104130652.csv
146271,,,,,,,,,,,,,,,,686200104130652.csv
146272,938.4792,-11.94816,78.0,0.0042900000698864,110.668905,0.358679980039597,0.0,34.9375,34.15625,34.03125,34.78125,-0.0285695495950018,661.416,117.3244725,-1.7634508269652,686200104130652.csv
146273,,,,,,,,,,,,,,,,686200104130652.csv
146274,,,,,,,,,,,,-0.0281860875232015,661.416,,,686200104130652.csv
146275,,,,,,,,,,,,,,,,686200104130652.csv
146276,936.0408,-11.3792,,,110.540295,,,34.9375,34.15625,34.03125,34.78125,-0.0278025921618734,661.416,117.228015,-1.76325907928454,686200104130652.csv
146277,,,,,,,,,,,,,,,,686200104130652.csv
146278,,,,,,,,,,,,-0.0274190968005453,658.368,,,686200104130652.csv
146279,,,,,,,,,,,,,,,,686200104130652.csv
146280,932.9928,-11.3792,,,110.540295,,0.0,34.9375,34.125,34.03125,34.75,-0.0272273824094091,658.368,117.3244725,-1.76306733160387,686200104130652.csv
146281,,,,,,,,,,,,,,,,686200104130652.csv
146282,,,,,,,,,,,,-0.0270356347287451,658.368,,,686200104130652.csv
146283,,,,,,,,,,,,,,,,686200104130652.csv
146284,929.9448,-11.62304,,,110.47599,,,34.9375,34.0625,34.03125,34.75,-0.026843887048081,655.32,117.0029475,-1.76297145776354,686200104130652.csv
146285,,,,,,,,,,,,,,,,686200104130652.csv
146286,,,,,,,,,,,,-0.0266521393674169,655.32,,,686200104130652.csv
146287,,,,,,,,,,,,,,,,686200104130652.csv
146288,926.8968,-11.7856,79.0,-0.0097500107574463,110.47599,0.356915980577469,0.0,34.9375,34.0625,34.03125,34.75,-0.0264603916867529,652.272,116.9386425,-1.76306733160387,686200104130652.csv
146289,,,,,,,,,,,,,,,,686200104130652.csv
146290,,,,,,,,,,,,-0.0262686440060888,652.272,,,686200104130652.csv
146291,,,,,,,,,,,,,,,,686200104130652.csv
146292,924.1536,-11.86688,,,110.283075,,,34.90625,34.03125,34.03125,34.75,-0.0260769296149526,649.224,116.77788,-1.76306733160387,686200104130652.csv
146293,,,,,,,,,,,,,,,,686200104130652.csv
146294,,,,,,,,,,,,-0.0258851819342886,649.224,,,686200104130652.csv
146295,,,,,,,,,,,,,,,,686200104130652.csv
146296,921.4104,-11.54176,,,110.154465,,0.0,34.90625,34.03125,34.0,34.78125,-0.0256934342536245,649.224,116.842185,-1.76335495312487,686200104130652.csv
146297,,,,,,,,,,,,,,,,686200104130652.csv
146298,,,,,,,,,,,,-0.0253099388922964,649.224,,,686200104130652.csv
146299,,,,,,,,,,,,,,,,686200104130652.csv
146300,918.3624,-11.46048,,,110.154465,,,34.90625,34.03125,34.0,34.78125,-0.0249264768204961,646.176,116.8100325,-1.76354670080553,686200104130652.csv
146301,,,,,,,,,,,,,,,,686200104130652.csv
146302,,,,,,,,,,,,-0.024542981459168,643.128,,,686200104130652.csv
146303,,,,,,,,,,,,,,,,686200104130652.csv
146304,915.924,-11.21664,78.0,-0.0089700243759155,110.025855,0.362403988838196,0.0,34.875,34.03125,34.0,34.78125,-0.0241594860978399,640.08,116.64927,-1.7637384484862,686200104130652.csv
146305,,,,,,,,,,,,,,,,686200104130652.csv
146306,,,,,,,,,,,,-0.0237760240260397,637.032,,,686200104130652.csv
146307,,,,,,,,,,,,,,,,686200104130652.csv
146308,913.1808,-10.9728,,,109.897245,,,34.875,34.0625,34.0,34.78125,-0.0237760240260397,637.032,116.8100325,-1.76393019616686,686200104130652.csv
146309,,,,,,,,,,,,,,,,686200104130652.csv
146310,,,,,,,,,,,,-0.0233925286647115,633.984,,,686200104130652.csv
146311,,,,,,,,,,,,,,,,686200104130652.csv
146312,910.1328,-11.21664,,,109.897245,,0.0,34.84375,34.0625,34.0,34.78125,-0.0232007809840475,630.936,116.52066,-1.76421781768786,686200104130652.csv
146313,,,,,,,,,,,,,,,,686200104130652.csv
146314,,,,,,,,,,,,-0.0228173189122472,627.888,,,686200104130652.csv
146315,,,,,,,,,,,,,,,,686200104130652.csv
146316,907.3896,-11.13536,,,109.768635,,,34.84375,34.0625,33.9375,34.78125,-0.0228173189122472,627.888,116.52066,-1.76460131304919,686200104130652.csv
146317,,,,,,,,,,,,,,,,686200104130652.csv
146318,,,,,,,,,,,,-0.0226255712315832,627.888,,,686200104130652.csv
146319,,,,,,,,,,,,,,,,686200104130652.csv
146320,904.6464,-11.29792,78.0,-0.0159900210189819,109.768635,0.361619979143143,0.0,34.84375,34.0625,34.0,34.78125,-0.0224338235509191,627.888,116.199135,-1.76479306072985,686200104130652.csv
146321,,,,,,,,,,,,,,,,686200104130652.csv
146322,,,,,,,,,,,,-0.022050328189591,627.888,,,686200104130652.csv
146323,,,,,,,,,,,,,,,,686200104130652.csv
146324,902.208,-10.81024,,,109.640025,,,34.84375,34.0625,34.0,34.78125,-0.0218585805089269,627.888,115.9097625,-1.7652722967734,686200104130652.csv
146325,,,,,,,,,,,,,,,,686200104130652.csv
146326,,,,,,,,,,,,-0.0218585805089269,624.84,,,686200104130652.csv
146327,,,,,,,,,,,,,,,,686200104130652.csv
146328,899.4648,-10.81024,,,109.511415,,0.0,34.84375,34.0625,34.0,34.75,-0.022050328189591,624.84,115.813305,-1.7655599182944,686200104130652.csv
146329,,,,,,,,,,,,,,,,686200104130652.csv
146330,,,,,,,,,,,,-0.022050328189591,621.792,,,686200104130652.csv
146331,,,,,,,,,,,,,,,,686200104130652.csv
146332,896.112,-11.46048,,,109.511415,,,34.84375,34.0625,33.9375,34.75,-0.0222420758702551,621.792,115.556085,-1.76575166597506,686200104130652.csv
146333,,,,,,,,,,,,,,,,686200104130652.csv
146334,,,,,,,,,,,,-0.0222420758702551,618.744,,,686200104130652.csv
146335,,,,,,,,,,,,,,,,686200104130652.csv
146336,893.9784,-11.05408,79.0,-0.0167700074005127,109.382805,0.359071999788284,0.0,34.84375,34.03125,33.9375,34.75,-0.0224338235509191,615.696,115.4596275,-1.76613516133639,686200104130652.csv
146337,,,,,,,,,,,,,,,,686200104130652.csv
146338,,,,,,,,,,,,-0.0224338235509191,615.696,,,686200104130652.csv
146339,,,,,,,,,,,,,,,,686200104130652.csv
146340,890.6256,-11.3792,,,109.3185,,,34.84375,34.03125,33.9375,34.75,-0.0224338235509191,615.696,115.62039,-1.76642278285738,686200104130652.csv
146341,,,,,,,,,,,,,,,,686200104130652.csv
146342,,,,,,,,,,,,-0.0224338235509191,615.696,,,686200104130652.csv
146343,,,,,,,,,,,,,,,,686200104130652.csv
146344,888.1872,-10.89152,,,109.3185,,0.0,34.84375,34.03125,33.9375,34.71875,-0.0222420758702551,612.648,115.3310175,-1.76690215205904,686200104130652.csv
146345,,,,,,,,,,,,,,,,686200104130652.csv
146346,,,,,,,,,,,,-0.0222420758702551,609.6,,,686200104130652.csv
146347,,,,,,,,,,,,,,,,686200104130652.csv
146348,885.444,-11.05408,,,109.18989,,,34.84375,34.03125,33.9375,34.71875,-0.022050328189591,607.7712,114.97734,-1.76718977358004,686200104130652.csv
146349,,,,,,,,,,,,,,,,686200104130652.csv
146350,,,,,,,,,,,,-0.0216668661177908,606.552,,,686200104130652.csv
146351,,,,,,,,,,,,,,,,686200104130652.csv
